filename,width,height,class,xmin,ymin,xmax,ymax
images/train/000000002.jpg,1024,1024,1,0.00,512.27,988.45,1024.00
images/train/000000000.jpg,1024,1024,1,1013.56,1008.76,1024.00,1024.00
images/train/000000003.jpg,1024,1024,1,0.00,512.27,476.45,1024.00
images/train/000000001.jpg,1024,1024,1,501.56,707.85,1024.00,1024.00
images/train/000000004.jpg,1024,1024,1,0.00,861.62,124.00,1024.00
images/train/000000009.jpg,1024,1024,1,911.06,0.00,1024.00,228.38
images/train/000000012.jpg,1024,1024,1,0.00,0.27,476.45,792.64
images/train/000000011.jpg,1024,1024,1,0.00,0.27,988.45,993.59
images/train/000000007.jpg,1024,1024,1,911.06,496.76,1024.00,740.38
images/train/000000010.jpg,1024,1024,1,399.06,0.00,1024.00,481.59
images/train/000000006.jpg,1024,1024,1,728.25,217.16,1024.00,850.97
images/train/000000020.jpg,1024,1024,1,617.70,0.00,937.76,237.31
images/train/000000021.jpg,1024,1024,1,105.70,0.00,425.76,237.31
images/train/000000017.jpg,1024,1024,1,728.25,0.00,1024.00,338.97
images/train/000000022.jpg,1024,1024,1,0.00,0.00,604.20,889.80
images/train/000000016.jpg,1024,1024,1,0.00,0.00,93.00,122.41
images/train/000000015.jpg,1024,1024,1,0.00,349.62,124.00,634.41
images/train/000000014.jpg,1024,1024,1,0.00,0.00,207.91,280.64
images/train/000000018.jpg,1024,1024,1,216.25,0.00,1002.36,455.95
images/train/000000013.jpg,1024,1024,1,0.00,0.00,719.91,481.59
images/train/000000030.jpg,1024,1024,1,826.02,0.85,1024.00,422.46
images/train/000000033.jpg,1024,1024,1,0.00,0.00,493.25,512.71
images/train/000000029.jpg,1024,1024,1,0.00,413.35,35.79,486.33
images/train/000000027.jpg,1024,1024,1,0.00,925.35,35.79,998.33
images/train/000000031.jpg,1024,1024,1,314.02,0.00,1005.25,512.71
images/train/000000026.jpg,1024,1024,1,0.62,732.33,547.79,1024.00
images/train/000000025.jpg,1024,1024,1,314.02,220.33,1024.00,1024.00
images/train/000000028.jpg,1024,1024,1,0.00,220.33,547.79,1024.00
images/train/000000024.jpg,1024,1024,1,18.94,0.00,388.95,377.80
images/train/000000043.jpg,1024,1024,1,796.06,404.78,1024.00,892.50
images/train/000000039.jpg,1024,1024,1,782.07,686.77,1024.00,1024.00
images/train/000000038.jpg,1024,1024,1,637.71,900.64,892.00,1024.00
images/train/000000042.jpg,1024,1024,1,435.25,558.94,1024.00,1024.00
images/train/000000041.jpg,1024,1024,1,947.25,916.78,1024.00,1024.00
images/train/000000040.jpg,1024,1024,1,606.87,388.64,1024.00,842.71
images/train/000000037.jpg,1024,1024,1,0.00,758.94,418.00,1024.00
images/train/000000036.jpg,1024,1024,1,511.57,758.94,930.00,1024.00
images/train/000000035.jpg,1024,1024,1,1023.57,1023.45,1024.00,1024.00
images/train/000000049.jpg,1024,1024,1,0.00,246.94,512.43,926.30
images/train/000000052.jpg,1024,1024,1,0.00,70.86,0.43,71.75
images/train/000000048.jpg,1024,1024,1,0.00,224.19,381.26,1024.00
images/train/000000051.jpg,1024,1024,1,0.00,0.00,512.43,414.30
images/train/000000047.jpg,1024,1024,1,0.00,46.94,893.26,1024.00
images/train/000000050.jpg,1024,1024,1,0.00,582.86,0.43,583.75
images/train/000000044.jpg,1024,1024,1,284.06,46.94,1024.00,1024.00
images/train/000000045.jpg,1024,1024,1,0.00,558.94,893.26,1024.00
images/train/000000062.jpg,1024,1024,1,0.00,0.00,365.34,543.96
images/train/000000061.jpg,1024,1024,1,0.00,0.00,877.34,691.74
images/train/000000057.jpg,1024,1024,1,796.06,0.00,1024.00,380.50
images/train/000000058.jpg,1024,1024,1,284.06,0.00,1024.00,691.74
images/train/000000053.jpg,1024,1024,1,762.93,174.77,1024.00,652.58
images/train/000000072.jpg,1024,1024,1,514.87,0.00,905.52,304.86
images/train/000000068.jpg,1024,1024,1,538.17,864.90,855.67,1024.00
images/train/000000071.jpg,1024,1024,1,989.76,789.86,1024.00,864.25
images/train/000000067.jpg,1024,1024,1,974.14,554.07,1024.00,673.33
images/train/000000070.jpg,1024,1024,1,462.14,352.90,1024.00,987.65
images/train/000000066.jpg,1024,1024,1,0.00,676.07,196.72,994.83
images/train/000000069.jpg,1024,1024,1,26.17,864.90,343.67,1024.00
images/train/000000065.jpg,1024,1024,1,0.00,698.31,457.53,1024.00
images/train/000000079.jpg,1024,1024,1,0.00,164.07,196.72,482.83
images/train/000000082.jpg,1024,1024,1,989.76,277.86,1024.00,352.25
images/train/000000081.jpg,1024,1024,1,462.14,0.00,1024.00,475.65
images/train/000000076.jpg,1024,1024,1,51.48,0.00,351.86,151.81
images/train/000000077.jpg,1024,1024,1,103.63,0.00,708.72,482.83
images/train/000000080.jpg,1024,1024,1,974.14,42.07,1024.00,161.33
images/train/000000078.jpg,1024,1024,1,0.00,673.39,50.77,794.83
images/train/000000088.jpg,1024,1024,1,18.37,485.18,575.72,1024.00
images/train/000000087.jpg,1024,1024,1,0.00,161.39,50.77,282.83
images/train/000000091.jpg,1024,1024,1,971.52,969.71,1024.00,1024.00
images/train/000000090.jpg,1024,1024,1,775.69,666.24,1024.00,1024.00
images/train/000000086.jpg,1024,1024,1,226.68,0.00,369.54,70.01
images/train/000000089.jpg,1024,1024,1,0.00,652.97,63.72,794.84
images/train/000000085.jpg,1024,1024,1,738.68,0.00,881.54,70.01
images/train/000000084.jpg,1024,1024,1,0.00,0.00,562.77,582.01
images/train/000000083.jpg,1024,1024,1,477.76,0.00,1024.00,582.01
images/train/000000101.jpg,1024,1024,1,454.51,0.00,1024.00,874.02
images/train/000000095.jpg,1024,1024,1,1006.14,24.28,1024.00,61.15
images/train/000000097.jpg,1024,1024,1,0.00,0.00,575.72,728.02
images/train/000000100.jpg,1024,1024,1,966.51,457.71,1024.00,559.29
images/train/000000099.jpg,1024,1024,1,0.00,0.00,355.82,216.02
images/train/000000093.jpg,1024,1024,1,1006.14,536.28,1024.00,573.15
images/train/000000098.jpg,1024,1024,1,0.00,140.97,63.72,282.84
images/train/000000094.jpg,1024,1024,1,494.14,0.00,1024.00,728.02
images/train/000000112.jpg,1024,1024,1,0.00,495.24,946.66,1024.00
images/train/000000111.jpg,1024,1024,1,185.04,1007.24,220.46,1024.00
images/train/000000106.jpg,1024,1024,1,0.00,0.00,512.07,362.02
images/train/000000109.jpg,1024,1024,1,952.39,777.99,1024.00,932.44
images/train/000000104.jpg,1024,1024,1,0.00,0.00,857.93,874.02
images/train/000000105.jpg,1024,1024,1,0.00,774.46,0.07,774.60
images/train/000000108.jpg,1024,1024,1,697.04,1007.24,732.46,1024.00
images/train/000000103.jpg,1024,1024,1,454.51,0.00,1024.00,362.02
images/train/000000122.jpg,1024,1024,1,0.00,566.52,105.04,763.51
images/train/000000116.jpg,1024,1024,1,670.68,195.66,1024.00,531.04
images/train/000000121.jpg,1024,1024,1,0.00,0.00,617.04,527.68
images/train/000000120.jpg,1024,1024,1,127.26,0.00,1024.00,527.68
images/train/000000119.jpg,1024,1024,1,0.00,205.55,617.04,1024.00
images/train/000000115.jpg,1024,1024,1,440.39,0.00,1024.00,788.79
images/train/000000117.jpg,1024,1024,1,639.26,0.00,1024.00,276.79
images/train/000000113.jpg,1024,1024,1,0.00,717.55,434.66,1024.00
images/train/000000131.jpg,1024,1024,1,838.94,0.00,868.83,15.68
images/train/000000130.jpg,1024,1024,1,0.00,353.67,191.97,792.77
images/train/000000127.jpg,1024,1024,1,946.94,0.00,984.04,19.04
images/train/000000126.jpg,1024,1024,1,487.05,912.29,678.76,1024.00
images/train/000000123.jpg,1024,1024,1,0.00,54.52,105.04,251.51
images/train/000000129.jpg,1024,1024,1,0.00,912.29,166.76,1024.00
images/train/000000128.jpg,1024,1024,1,434.94,0.00,472.04,19.04
images/train/000000125.jpg,1024,1024,1,999.05,987.53,1024.00,1024.00
images/train/000000124.jpg,1024,1024,1,724.01,725.68,1024.00,1024.00
images/train/000000141.jpg,1024,1024,1,473.56,0.00,692.60,139.60
images/train/000000140.jpg,1024,1024,1,985.56,0.00,1024.00,50.94
images/train/000000139.jpg,1024,1024,1,473.56,400.29,692.60,651.60
images/train/000000134.jpg,1024,1024,1,838.42,583.92,1024.00,975.99
images/train/000000138.jpg,1024,1024,1,985.56,475.53,1024.00,562.94
images/train/000000132.jpg,1024,1024,1,326.94,0.00,356.83,15.68
images/train/000000136.jpg,1024,1024,1,0.00,566.83,200.11,969.76
images/train/000000135.jpg,1024,1024,1,326.42,566.83,712.11,975.99
images/train/000000146.jpg,1024,1024,1,0.00,199.77,219.49,661.53
images/train/000000150.jpg,1024,1024,1,708.75,0.00,1024.00,391.34
images/train/000000149.jpg,1024,1024,1,326.42,54.83,712.11,463.99
images/train/000000145.jpg,1024,1024,1,0.00,0.00,620.41,307.91
images/train/000000148.jpg,1024,1024,1,838.42,71.92,1024.00,463.99
images/train/000000144.jpg,1024,1024,1,0.00,0.00,180.60,139.60
images/train/000000147.jpg,1024,1024,1,0.00,0.00,108.41,149.53
images/train/000000142.jpg,1024,1024,1,0.00,400.29,180.60,651.60
images/train/000000143.jpg,1024,1024,1,0.00,0.00,172.97,280.77
images/train/000000160.jpg,1024,1024,1,0.00,200.17,231.45,662.99
images/train/000000156.jpg,1024,1024,1,307.46,712.17,743.45,1024.00
images/train/000000155.jpg,1024,1024,1,819.46,731.00,1024.00,1024.00
images/train/000000159.jpg,1024,1024,1,0.00,712.17,231.45,1024.00
images/train/000000158.jpg,1024,1024,1,307.46,200.17,743.45,662.99
images/train/000000154.jpg,1024,1024,1,0.00,0.00,539.97,518.78
images/train/000000157.jpg,1024,1024,1,819.46,219.00,1024.00,655.58
images/train/000000152.jpg,1024,1024,1,0.00,374.61,539.97,1024.00
images/train/000000170.jpg,1024,1024,1,0.00,0.00,117.25,150.99
images/train/000000166.jpg,1024,1024,1,828.49,0.00,1024.00,143.58
images/train/000000165.jpg,1024,1024,1,828.39,0.00,1024.00,316.49
images/train/000000169.jpg,1024,1024,1,157.28,0.00,248.65,38.09
images/train/000000164.jpg,1024,1024,1,301.96,0.00,317.21,6.78
images/train/000000168.jpg,1024,1024,1,669.28,0.00,760.65,38.09
images/train/000000163.jpg,1024,1024,1,813.96,0.00,829.21,6.78
images/train/000000161.jpg,1024,1024,1,608.28,961.48,916.83,1024.00
images/train/000000162.jpg,1024,1024,1,96.28,961.48,404.83,1024.00
images/train/000000177.jpg,1024,1024,1,1023.76,991.78,1024.00,1024.00
images/train/000000176.jpg,1024,1024,1,0.00,68.27,497.58,645.12
images/train/000000179.jpg,1024,1024,1,511.76,449.48,932.50,1024.00
images/train/000000171.jpg,1024,1024,1,1008.69,596.54,1024.00,1024.00
images/train/000000175.jpg,1024,1024,1,496.45,68.27,1009.58,645.12
images/train/000000178.jpg,1024,1024,1,1023.02,479.78,1024.00,611.59
images/train/000000174.jpg,1024,1024,1,431.72,1019.62,491.09,1024.00
images/train/000000173.jpg,1024,1024,1,943.72,1019.62,1003.09,1024.00
images/train/000000184.jpg,1024,1024,1,496.45,0.00,1009.58,133.12
images/train/000000188.jpg,1024,1024,1,0.00,0.00,428.31,99.58
images/train/000000187.jpg,1024,1024,1,511.02,0.00,940.31,99.59
images/train/000000186.jpg,1024,1024,1,1023.02,0.00,1024.00,99.59
images/train/000000182.jpg,1024,1024,1,0.00,0.00,428.31,611.58
images/train/000000181.jpg,1024,1024,1,511.02,0.00,940.31,611.59
images/train/000000196.jpg,1024,1024,1,0.00,535.55,672.56,1024.00
images/train/000000200.jpg,1024,1024,1,658.69,0.00,1024.00,1024.00
images/train/000000199.jpg,1024,1024,1,46.13,1017.68,389.01,1024.00
images/train/000000195.jpg,1024,1024,1,0.00,535.55,1024.00,1024.00
images/train/000000198.jpg,1024,1024,1,558.13,1017.68,901.01,1024.00
images/train/000000192.jpg,1024,1024,1,0.00,495.94,105.20,1024.00
images/train/000000193.jpg,1024,1024,1,723.73,653.88,1024.00,1024.00
images/train/000000197.jpg,1024,1024,1,0.00,899.55,160.56,1024.00
images/train/000000190.jpg,1024,1024,1,146.59,495.94,617.20,1024.00
images/train/000000209.jpg,1024,1024,1,532.20,0.00,1024.00,349.29
images/train/000000205.jpg,1024,1024,1,0.00,981.70,118.99,1024.00
images/train/000000204.jpg,1024,1024,1,0.00,0.00,109.46,1024.00
images/train/000000203.jpg,1024,1024,1,8.07,981.70,630.99,1024.00
images/train/000000207.jpg,1024,1024,1,532.20,141.88,1024.00,861.29
images/train/000000206.jpg,1024,1024,1,878.74,946.27,1024.00,1024.00
images/train/000000202.jpg,1024,1024,1,520.07,984.12,1024.00,1024.00
images/train/000000216.jpg,1024,1024,1,873.72,59.82,1024.00,359.59
images/train/000000220.jpg,1024,1024,1,0.00,59.82,831.87,358.99
images/train/000000219.jpg,1024,1024,1,0.00,578.18,319.87,868.93
images/train/000000215.jpg,1024,1024,1,361.72,571.82,1024.00,871.59
images/train/000000218.jpg,1024,1024,1,0.00,571.82,831.87,870.99
images/train/000000212.jpg,1024,1024,1,20.20,0.00,1024.00,354.99
images/train/000000217.jpg,1024,1024,1,361.72,59.82,1024.00,359.59
images/train/000000211.jpg,1024,1024,1,0.00,23.55,1024.00,872.69
images/train/000000210.jpg,1024,1024,1,20.20,23.80,1024.00,866.99
images/train/000000213.jpg,1024,1024,1,0.00,0.00,1024.00,360.69
images/train/000000226.jpg,1024,1024,1,210.63,766.26,451.91,899.10
images/train/000000224.jpg,1024,1024,1,326.38,995.91,402.33,1024.00
images/train/000000229.jpg,1024,1024,1,934.87,721.60,1024.00,1024.00
images/train/000000228.jpg,1024,1024,1,428.83,631.16,672.05,1024.00
images/train/000000227.jpg,1024,1024,1,210.63,254.26,451.91,387.10
images/train/000000223.jpg,1024,1024,1,722.63,766.26,963.91,899.10
images/train/000000225.jpg,1024,1024,1,722.63,254.26,963.91,387.10
images/train/000000221.jpg,1024,1024,1,0.00,66.18,319.87,356.93
images/train/000000239.jpg,1024,1024,1,909.32,545.74,1024.00,722.67
images/train/000000238.jpg,1024,1024,1,0.00,0.00,120.80,248.52
images/train/000000237.jpg,1024,1024,1,0.00,469.70,120.80,760.52
images/train/000000234.jpg,1024,1024,1,4.20,469.70,632.80,844.32
images/train/000000233.jpg,1024,1024,1,0.00,600.92,257.69,1024.00
images/train/000000236.jpg,1024,1024,1,4.20,0.00,632.80,332.32
images/train/000000235.jpg,1024,1024,1,0.00,88.92,264.33,836.05
images/train/000000231.jpg,1024,1024,1,934.87,209.60,1024.00,836.05
images/train/000000230.jpg,1024,1024,1,422.87,600.92,769.69,1024.00
images/train/000000249.jpg,1024,1024,1,882.17,0.00,1024.00,518.13
images/train/000000248.jpg,1024,1024,1,0.00,0.00,119.58,14.02
images/train/000000243.jpg,1024,1024,1,598.49,0.00,1024.00,8.94
images/train/000000247.jpg,1024,1024,1,0.00,0.00,73.16,10.08
images/train/000000242.jpg,1024,1024,1,86.49,0.00,1024.00,524.92
images/train/000000245.jpg,1024,1024,1,0.00,0.00,1024.00,526.02
images/train/000000244.jpg,1024,1024,1,86.49,0.00,585.16,10.08
images/train/000000241.jpg,1024,1024,1,598.49,0.00,1024.00,520.94
images/train/000000240.jpg,1024,1024,1,909.32,33.74,1024.00,210.67
images/train/000000256.jpg,1024,1024,1,0.00,0.00,414.58,6.13
images/train/000000258.jpg,1024,1024,1,784.86,746.55,879.23,887.93
images/train/000000255.jpg,1024,1024,1,0.00,0.00,926.58,6.13
images/train/000000254.jpg,1024,1024,1,0.00,0.00,418.48,518.13
images/train/000000257.jpg,1024,1024,1,750.20,483.91,916.98,1024.00
images/train/000000251.jpg,1024,1024,1,885.51,0.00,1024.00,6.13
images/train/000000252.jpg,1024,1024,1,373.51,0.00,1024.00,6.13
images/train/000000250.jpg,1024,1024,1,370.17,0.00,1024.00,518.13
images/train/000000266.jpg,1024,1024,1,427.90,0.00,776.33,324.05
images/train/000000267.jpg,1024,1024,1,285.10,393.78,860.79,904.49
images/train/000000264.jpg,1024,1024,1,797.10,395.25,1024.00,904.49
images/train/000000263.jpg,1024,1024,1,748.22,478.25,1024.00,1024.00
images/train/000000268.jpg,1024,1024,1,0.00,393.78,348.79,903.54
images/train/000000260.jpg,1024,1024,1,272.86,746.55,367.23,887.93
images/train/000000262.jpg,1024,1024,1,797.10,907.25,1024.00,1024.00
images/train/000000265.jpg,1024,1024,1,939.90,0.00,1024.00,324.05
images/train/000000275.jpg,1024,1024,1,0.00,0.00,1024.00,563.06
images/train/000000278.jpg,1024,1024,1,881.61,0.00,1024.00,40.38
images/train/000000271.jpg,1024,1024,1,0.00,0.00,50.96,296.54
images/train/000000273.jpg,1024,1024,1,23.24,0.00,1024.00,446.54
images/train/000000277.jpg,1024,1024,1,88.02,0.00,947.90,51.06
images/train/000000269.jpg,1024,1024,1,0.00,0.00,264.33,324.05
images/train/000000276.jpg,1024,1024,1,600.02,0.00,1024.00,41.06
images/train/000000270.jpg,1024,1024,1,15.38,0.00,562.96,296.54
images/train/000000272.jpg,1024,1024,1,535.24,0.00,1024.00,434.18
images/train/000000288.jpg,1024,1024,1,285.59,0.00,860.79,392.49
images/train/000000287.jpg,1024,1024,1,241.40,0.00,699.74,108.88
images/train/000000283.jpg,1024,1024,1,272.86,234.55,367.23,375.93
images/train/000000286.jpg,1024,1024,1,753.40,0.00,1024.00,108.88
images/train/000000282.jpg,1024,1024,1,784.86,234.55,879.23,375.93
images/train/000000280.jpg,1024,1024,1,0.00,0.00,435.90,51.06
images/train/000000281.jpg,1024,1024,1,0.00,0.00,150.18,42.40
images/train/000000284.jpg,1024,1024,1,748.52,0.00,1024.00,620.88
images/train/000000279.jpg,1024,1024,1,369.61,0.00,662.18,42.40
images/train/000000293.jpg,1024,1024,1,38.36,768.33,614.83,1024.00
images/train/000000298.jpg,1024,1024,1,177.38,256.33,1024.00,1024.00
images/train/000000297.jpg,1024,1024,1,316.40,52.66,1024.00,1024.00
images/train/000000294.jpg,1024,1024,1,0.00,956.63,102.83,1024.00
images/train/000000292.jpg,1024,1024,1,550.36,768.33,1024.00,1024.00
images/train/000000296.jpg,1024,1024,1,828.40,755.49,1024.00,1024.00
images/train/000000291.jpg,1024,1024,1,0.00,0.00,92.69,181.72
images/train/000000290.jpg,1024,1024,1,0.00,0.00,187.74,106.31
images/train/000000289.jpg,1024,1024,1,0.00,0.00,348.79,391.54
images/train/000000304.jpg,1024,1024,1,0.00,0.00,1024.00,1024.00
images/train/000000308.jpg,1024,1024,1,0.00,1006.66,1024.00,1024.00
images/train/000000307.jpg,1024,1024,1,0.00,938.97,1024.00,1024.00
images/train/000000302.jpg,1024,1024,1,0.00,444.63,884.31,1024.00
images/train/000000306.jpg,1024,1024,1,0.00,603.52,1024.00,1024.00
images/train/000000305.jpg,1024,1024,1,0.00,268.07,1024.00,1024.00
images/train/000000301.jpg,1024,1024,1,0.00,0.00,1024.00,1024.00
images/train/000000300.jpg,1024,1024,1,0.00,0.00,1024.00,1024.00
images/train/000000299.jpg,1024,1024,1,0.00,256.33,1024.00,1024.00
images/train/000000318.jpg,1024,1024,1,0.00,0.00,1024.00,1024.00
images/train/000000313.jpg,1024,1024,1,455.42,243.49,1024.00,1024.00
images/train/000000315.jpg,1024,1024,1,82.44,0.00,1024.00,1024.00
images/train/000000310.jpg,1024,1024,1,0.00,1022.24,115.92,1024.00
images/train/000000311.jpg,1024,1024,1,967.42,946.33,1024.00,1024.00
images/train/000000323.jpg,1024,1024,1,0.00,0.00,1024.00,1024.00
images/train/000000327.jpg,1024,1024,1,0.00,0.00,1024.00,1024.00
images/train/000000326.jpg,1024,1024,1,0.00,426.97,1024.00,1024.00
images/train/000000325.jpg,1024,1024,1,0.00,91.52,1024.00,1024.00
images/train/000000319.jpg,1024,1024,1,0.00,0.00,1024.00,1024.00
images/train/000000321.jpg,1024,1024,1,0.00,0.00,1024.00,1024.00
images/train/000000333.jpg,1024,1024,1,0.00,510.24,1024.00,1024.00
images/train/000000336.jpg,1024,1024,1,0.00,6.02,1024.00,1024.00
images/train/000000332.jpg,1024,1024,1,0.00,0.00,1024.00,1024.00
images/train/000000335.jpg,1024,1024,1,0.00,0.00,1024.00,1024.00
images/train/000000331.jpg,1024,1024,1,0.00,0.00,1024.00,1024.00
images/train/000000334.jpg,1024,1024,1,0.00,518.02,1024.00,1024.00
images/train/000000330.jpg,1024,1024,1,0.00,502.45,1024.00,1024.00
images/train/000000347.jpg,1024,1024,1,0.00,0.00,1024.00,1024.00
images/train/000000342.jpg,1024,1024,1,733.46,625.17,1024.00,1024.00
images/train/000000346.jpg,1024,1024,1,0.00,0.00,1024.00,1024.00
images/train/000000341.jpg,1024,1024,1,872.48,816.00,1024.00,1024.00
images/train/000000344.jpg,1024,1024,1,360.48,113.17,1024.00,1024.00
images/train/000000343.jpg,1024,1024,1,221.46,0.00,1024.00,1024.00
images/train/000000340.jpg,1024,1024,1,0.00,21.60,498.65,705.80
images/train/000000339.jpg,1024,1024,1,0.00,13.81,1010.65,1024.00
images/train/000000353.jpg,1024,1024,1,0.00,0.00,1024.00,1024.00
images/train/000000351.jpg,1024,1024,1,0.00,0.00,1024.00,1024.00
images/train/000000356.jpg,1024,1024,1,0.00,0.00,1024.00,1024.00
images/train/000000355.jpg,1024,1024,1,0.00,0.00,1024.00,1024.00
images/train/000000350.jpg,1024,1024,1,0.00,0.00,1024.00,1024.00
images/train/000000354.jpg,1024,1024,1,0.00,0.00,1024.00,1024.00
images/train/000000349.jpg,1024,1024,1,0.00,0.00,1024.00,1024.00
images/train/000000352.jpg,1024,1024,1,0.00,0.00,1024.00,1024.00
images/train/000000348.jpg,1024,1024,1,0.00,0.00,1024.00,1024.00
images/train/000000367.jpg,1024,1024,1,0.00,0.00,1024.00,1024.00
images/train/000000366.jpg,1024,1024,1,0.00,0.00,1024.00,1024.00
images/train/000000360.jpg,1024,1024,1,0.00,0.00,1024.00,1024.00
images/train/000000365.jpg,1024,1024,1,0.00,0.00,1024.00,1024.00
images/train/000000361.jpg,1024,1024,1,0.00,0.00,1024.00,1024.00
images/train/000000358.jpg,1024,1024,1,0.00,0.00,1024.00,1024.00
images/train/000000364.jpg,1024,1024,1,0.00,0.00,1024.00,1024.00
images/train/000000357.jpg,1024,1024,1,0.00,0.00,1024.00,1024.00
images/train/000000363.jpg,1024,1024,1,0.00,0.00,1024.00,1024.00
images/train/000000359.jpg,1024,1024,1,0.00,0.00,1024.00,1024.00
images/train/000000362.jpg,1024,1024,1,0.00,0.00,1024.00,1024.00
images/train/000000372.jpg,1024,1024,1,0.00,0.00,277.50,376.54
images/train/000000376.jpg,1024,1024,1,126.52,0.00,1024.00,1024.00
images/train/000000375.jpg,1024,1024,1,638.52,494.84,1024.00,1024.00
images/train/000000374.jpg,1024,1024,1,499.50,304.00,1024.00,1024.00
images/train/000000373.jpg,1024,1024,1,1011.50,1006.84,1024.00,1024.00
images/train/000000368.jpg,1024,1024,1,0.00,0.00,1024.00,1024.00
images/train/000000383.jpg,1024,1024,1,0.00,0.00,1024.00,1024.00
images/train/000000386.jpg,1024,1024,1,0.00,0.00,1024.00,1024.00
images/train/000000382.jpg,1024,1024,1,0.00,0.00,1024.00,1024.00
images/train/000000384.jpg,1024,1024,1,0.00,0.00,1024.00,1024.00
images/train/000000380.jpg,1024,1024,1,0.00,0.00,1024.00,1024.00
images/train/000000379.jpg,1024,1024,1,0.00,0.00,1024.00,1024.00
images/train/000000377.jpg,1024,1024,1,0.00,0.00,1024.00,1024.00
images/train/000000378.jpg,1024,1024,1,0.00,0.00,1024.00,1024.00
images/train/000000396.jpg,1024,1024,1,0.00,0.00,1024.00,1024.00
images/train/000000392.jpg,1024,1024,1,0.00,0.00,1024.00,1024.00
images/train/000000395.jpg,1024,1024,1,0.00,0.00,1024.00,1024.00
images/train/000000394.jpg,1024,1024,1,0.00,0.00,1024.00,1024.00
images/train/000000390.jpg,1024,1024,1,0.00,0.00,1024.00,1024.00
images/train/000000393.jpg,1024,1024,1,0.00,0.00,1024.00,1024.00
images/train/000000389.jpg,1024,1024,1,0.00,0.00,1024.00,1024.00
images/train/000000388.jpg,1024,1024,1,0.00,0.00,1024.00,1024.00
images/train/000000387.jpg,1024,1024,1,0.00,0.00,1024.00,1024.00
images/train/000000405.jpg,1024,1024,1,777.54,685.68,1024.00,1024.00
images/train/000000404.jpg,1024,1024,1,0.00,0.00,34.85,47.28
images/train/000000403.jpg,1024,1024,1,0.00,0.00,546.85,742.02
images/train/000000398.jpg,1024,1024,1,0.00,0.00,1024.00,1024.00
images/train/000000401.jpg,1024,1024,1,0.00,0.00,924.17,1024.00
images/train/000000416.jpg,1024,1024,1,0.00,0.00,1024.00,1024.00
images/train/000000411.jpg,1024,1024,1,0.00,0.00,1024.00,1024.00
images/train/000000414.jpg,1024,1024,1,0.00,0.00,1024.00,1024.00
images/train/000000409.jpg,1024,1024,1,0.00,0.00,1024.00,1024.00
images/train/000000406.jpg,1024,1024,1,916.56,876.51,1024.00,1024.00
images/train/000000413.jpg,1024,1024,1,0.00,0.00,1024.00,1024.00
images/train/000000408.jpg,1024,1024,1,265.54,0.00,1024.00,1024.00
images/train/000000407.jpg,1024,1024,1,404.56,173.68,1024.00,1024.00
images/train/000000410.jpg,1024,1024,1,0.00,0.00,1024.00,1024.00
images/train/000000421.jpg,1024,1024,1,0.00,0.00,1024.00,1024.00
images/train/000000425.jpg,1024,1024,1,0.00,0.00,1024.00,1024.00
images/train/000000424.jpg,1024,1024,1,0.00,0.00,1024.00,1024.00
images/train/000000420.jpg,1024,1024,1,0.00,0.00,1024.00,1024.00
images/train/000000419.jpg,1024,1024,1,0.00,0.00,1024.00,1024.00
images/train/000000435.jpg,1024,1024,1,0.00,0.00,304.19,412.76
images/train/000000428.jpg,1024,1024,1,0.00,0.00,1024.00,1024.00
images/train/000000431.jpg,1024,1024,1,0.00,0.00,1024.00,1024.00
images/train/000000430.jpg,1024,1024,1,0.00,0.00,1024.00,1024.00
images/train/000000434.jpg,1024,1024,1,0.00,0.00,816.19,1024.00
images/train/000000429.jpg,1024,1024,1,0.00,0.00,1024.00,1024.00
images/train/000000433.jpg,1024,1024,1,0.00,0.00,681.52,924.76
images/train/000000432.jpg,1024,1024,1,0.00,0.00,1024.00,1024.00
images/train/000000427.jpg,1024,1024,1,0.00,0.00,1024.00,1024.00
images/train/000000445.jpg,1024,1024,1,0.00,0.00,1024.00,1024.00
images/train/000000441.jpg,1024,1024,1,0.00,0.00,1024.00,1024.00
images/train/000000437.jpg,1024,1024,1,682.60,555.35,1024.00,1024.00
images/train/000000444.jpg,1024,1024,1,0.00,0.00,1024.00,1024.00
images/train/000000440.jpg,1024,1024,1,170.60,0.00,1024.00,1024.00
images/train/000000443.jpg,1024,1024,1,0.00,0.00,1024.00,1024.00
images/train/000000439.jpg,1024,1024,1,31.58,0.00,1024.00,1024.00
images/train/000000442.jpg,1024,1024,1,0.00,0.00,1024.00,1024.00
images/train/000000436.jpg,1024,1024,1,0.00,0.00,169.52,230.02
images/train/000000447.jpg,1024,1024,1,0.00,0.00,1024.00,1024.00
images/train/000000455.jpg,1024,1024,1,0.00,0.00,1024.00,1024.00
images/train/000000451.jpg,1024,1024,1,0.00,0.00,1024.00,1024.00
images/train/000000454.jpg,1024,1024,1,0.00,0.00,1024.00,1024.00
images/train/000000450.jpg,1024,1024,1,0.00,0.00,1024.00,1024.00
images/train/000000449.jpg,1024,1024,1,0.00,0.00,1024.00,1024.00
images/train/000000446.jpg,1024,1024,1,0.00,0.00,1024.00,1024.00
images/train/000000453.jpg,1024,1024,1,0.00,0.00,1024.00,1024.00
images/train/000000452.jpg,1024,1024,1,0.00,0.00,1024.00,1024.00
images/train/000000462.jpg,1024,1024,1,0.00,0.00,1024.00,1024.00
images/train/000000459.jpg,1024,1024,1,0.00,0.00,1024.00,1024.00
images/train/000000458.jpg,1024,1024,1,0.00,0.00,1024.00,1024.00
images/train/000000461.jpg,1024,1024,1,0.00,0.00,1024.00,1024.00
images/train/000000456.jpg,1024,1024,1,0.00,0.00,1024.00,1024.00
images/train/000000457.jpg,1024,1024,1,0.00,0.00,1024.00,1024.00
images/train/000000468.jpg,1024,1024,1,960.64,937.02,1024.00,1024.00
images/train/000000466.jpg,1024,1024,1,0.00,0.00,438.87,595.50
images/train/000000471.jpg,1024,1024,1,448.64,234.18,1024.00,1024.00
images/train/000000470.jpg,1024,1024,1,309.62,43.35,1024.00,1024.00
images/train/000000467.jpg,1024,1024,1,0.00,0.00,61.54,83.50
images/train/000000469.jpg,1024,1024,1,821.62,746.18,1024.00,1024.00
images/train/000000463.jpg,1024,1024,1,0.00,0.00,950.87,1024.00
images/train/000000481.jpg,1024,1024,1,0.00,0.00,1024.00,1024.00
images/train/000000477.jpg,1024,1024,1,0.00,0.00,1024.00,1024.00
images/train/000000476.jpg,1024,1024,1,0.00,0.00,1024.00,1024.00
images/train/000000480.jpg,1024,1024,1,0.00,0.00,1024.00,1024.00
images/train/000000475.jpg,1024,1024,1,0.00,0.00,1024.00,1024.00
images/train/000000473.jpg,1024,1024,1,0.00,0.00,1024.00,1024.00
images/train/000000474.jpg,1024,1024,1,0.00,0.00,1024.00,1024.00
images/train/000000479.jpg,1024,1024,1,0.00,0.00,1024.00,1024.00
images/train/000000478.jpg,1024,1024,1,0.00,0.00,1024.00,1024.00
images/train/000000472.jpg,1024,1024,1,0.00,0.00,1024.00,1024.00
images/train/000000487.jpg,1024,1024,1,0.00,0.00,1024.00,1024.00
images/train/000000491.jpg,1024,1024,1,0.00,0.00,656.24,1024.00
images/train/000000490.jpg,1024,1024,1,0.00,0.00,1024.00,722.24
images/train/000000488.jpg,1024,1024,1,0.00,0.00,1024.00,1024.00
images/train/000000484.jpg,1024,1024,1,0.00,0.00,1024.00,1024.00
images/train/000000489.jpg,1024,1024,1,0.00,0.00,1024.00,1024.00
images/train/000000485.jpg,1024,1024,1,0.00,0.00,1024.00,1024.00
images/train/000000483.jpg,1024,1024,1,0.00,0.00,1024.00,1024.00
images/train/000000486.jpg,1024,1024,1,0.00,0.00,1024.00,1024.00
images/train/000000482.jpg,1024,1024,1,0.00,0.00,1024.00,1024.00
images/train/000000494.jpg,1024,1024,1,0.00,0.00,1024.00,1000.31
images/train/000000493.jpg,1024,1024,1,0.00,0.00,1024.00,1000.31
images/train/000000496.jpg,1024,1024,1,0.00,0.00,842.88,488.31
images/train/000000499.jpg,1024,1024,1,0.00,0.00,330.88,448.98
images/train/000000498.jpg,1024,1024,1,0.00,0.00,196.21,266.24
images/train/000000497.jpg,1024,1024,1,0.00,0.00,708.21,960.98
images/train/000000492.jpg,1024,1024,1,0.00,0.00,144.24,210.24
images/train/000000503.jpg,1024,1024,1,0.00,0.00,1024.00,1024.00
images/train/000000502.jpg,1024,1024,1,48.48,548.41,1024.00,1024.00
images/train/000000500.jpg,1024,1024,1,560.48,548.41,1024.00,1024.00
images/train/000000504.jpg,1024,1024,1,75.66,0.00,1024.00,1024.00
images/train/000000505.jpg,1024,1024,1,0.00,0.00,1024.00,1024.00
images/train/000000508.jpg,1024,1024,1,0.00,0.00,1024.00,1024.00
images/train/000000507.jpg,1024,1024,1,0.00,0.00,1024.00,1024.00
images/train/000000506.jpg,1024,1024,1,0.00,0.00,1024.00,1024.00
images/train/000000511.jpg,1024,1024,1,0.00,0.00,1024.00,1024.00
images/train/000000510.jpg,1024,1024,1,0.00,0.00,1024.00,1024.00
images/train/000000514.jpg,1024,1024,1,0.00,0.00,1024.00,1024.00
images/train/000000513.jpg,1024,1024,1,0.00,0.00,1024.00,1024.00
images/train/000000519.jpg,1024,1024,1,0.00,0.00,1024.00,1024.00
images/train/000000518.jpg,1024,1024,1,0.00,0.00,1024.00,1024.00
images/train/000000517.jpg,1024,1024,1,0.00,0.00,1024.00,1024.00
images/train/000000525.jpg,1024,1024,1,0.00,759.63,316.44,1024.00
images/train/000000524.jpg,1024,1024,1,0.00,0.00,828.44,1024.00
images/train/000000523.jpg,1024,1024,1,0.00,0.00,1024.00,1024.00
images/train/000000521.jpg,1024,1024,1,0.00,0.00,1024.00,1024.00
images/train/000000522.jpg,1024,1024,1,0.00,0.00,1024.00,1024.00
images/train/000000520.jpg,1024,1024,1,0.00,0.00,1024.00,1024.00
images/train/000000547.jpg,1024,1024,1,0.00,0.00,1024.00,1024.00
images/train/000000550.jpg,1024,1024,1,0.00,0.00,1024.00,1024.00
images/train/000000545.jpg,1024,1024,1,0.00,0.00,1024.00,1024.00
images/train/000000549.jpg,1024,1024,1,0.00,0.00,1024.00,1024.00
images/train/000000538.jpg,1024,1024,1,0.00,0.00,1024.00,1024.00
images/train/000000539.jpg,1024,1024,1,0.00,0.00,1024.00,1024.00
images/train/000000541.jpg,1024,1024,1,0.00,0.00,1024.00,1024.00
images/train/000000542.jpg,1024,1024,1,0.00,0.00,1024.00,1024.00
images/train/000000548.jpg,1024,1024,1,0.00,0.00,1024.00,1024.00
images/train/000000536.jpg,1024,1024,1,0.00,0.00,1024.00,1024.00
images/train/000000537.jpg,1024,1024,1,0.00,0.00,1024.00,1024.00
images/train/000000534.jpg,1024,1024,1,0.00,36.41,1024.00,1024.00
images/train/000000532.jpg,1024,1024,1,310.30,65.13,1024.00,1024.00
images/train/000000531.jpg,1024,1024,1,179.39,36.41,1024.00,1024.00
images/train/000000529.jpg,1024,1024,1,822.30,753.01,1024.00,1024.00
images/train/000000528.jpg,1024,1024,1,0.00,675.38,69.57,834.44
images/train/000000527.jpg,1024,1024,1,0.00,247.63,581.57,1024.00
images/train/000000526.jpg,1024,1024,1,0.00,0.00,1024.00,1024.00
images/train/000000558.jpg,1024,1024,1,0.00,0.00,1024.00,1024.00
images/train/000000563.jpg,1024,1024,1,953.21,928.89,1024.00,1024.00
images/train/000000559.jpg,1024,1024,1,0.00,0.00,581.57,1024.00
images/train/000000561.jpg,1024,1024,1,0.00,0.00,381.36,553.34
images/train/000000557.jpg,1024,1024,1,0.00,0.00,1024.00,1024.00
images/train/000000556.jpg,1024,1024,1,0.00,0.00,1024.00,1024.00
images/train/000000560.jpg,1024,1024,1,0.00,0.00,893.36,1024.00
images/train/000000554.jpg,1024,1024,1,0.00,0.00,1024.00,1024.00
images/train/000000555.jpg,1024,1024,1,0.00,0.00,1024.00,1024.00
images/train/000000573.jpg,1024,1024,1,0.00,0.00,1024.00,827.25
images/train/000000572.jpg,1024,1024,1,0.00,0.00,1024.00,1024.00
images/train/000000568.jpg,1024,1024,1,0.00,0.00,1024.00,1024.00
images/train/000000566.jpg,1024,1024,1,206.56,0.00,1024.00,827.25
images/train/000000570.jpg,1024,1024,1,0.00,0.00,1024.00,827.25
images/train/000000569.jpg,1024,1024,1,0.00,0.00,1024.00,827.25
images/train/000000564.jpg,1024,1024,1,441.21,241.01,1024.00,1024.00
images/train/000000578.jpg,1024,1024,1,0.00,0.00,1024.00,827.25
images/train/000000582.jpg,1024,1024,1,0.00,0.00,1024.00,616.45
images/train/000000577.jpg,1024,1024,1,0.00,0.00,1024.00,827.25
images/train/000000581.jpg,1024,1024,1,0.00,0.00,1024.00,827.25
images/train/000000580.jpg,1024,1024,1,0.00,0.00,1024.00,1024.00
images/train/000000574.jpg,1024,1024,1,0.00,0.00,1024.00,827.25
images/train/000000579.jpg,1024,1024,1,0.00,0.00,1024.00,1024.00
images/train/000000575.jpg,1024,1024,1,0.00,0.00,1024.00,1024.00
images/train/000000585.jpg,1024,1024,1,0.00,0.00,1024.00,622.16
images/train/000000592.jpg,1024,1024,1,0.00,0.00,1024.00,1024.00
images/train/000000591.jpg,1024,1024,1,0.00,0.00,1024.00,1024.00
images/train/000000590.jpg,1024,1024,1,0.00,0.00,1024.00,639.29
images/train/000000589.jpg,1024,1024,1,0.00,0.00,1024.00,633.58
images/train/000000583.jpg,1024,1024,1,0.00,0.00,1024.00,1024.00
images/train/000000599.jpg,1024,1024,1,206.56,0.00,1024.00,315.25
images/train/000000602.jpg,1024,1024,1,0.00,0.00,1024.00,315.25
images/train/000000598.jpg,1024,1024,1,718.56,0.00,1024.00,315.25
images/train/000000597.jpg,1024,1024,1,0.00,0.00,187.63,272.24
images/train/000000601.jpg,1024,1024,1,0.00,0.00,1024.00,315.25
images/train/000000600.jpg,1024,1024,1,0.00,0.00,1024.00,315.25
images/train/000000596.jpg,1024,1024,1,0.00,0.00,28.49,41.34
images/train/000000594.jpg,1024,1024,1,0.00,0.00,699.63,642.16
images/train/000000611.jpg,1024,1024,1,0.00,0.00,1024.00,127.29
images/train/000000608.jpg,1024,1024,1,0.00,0.00,1024.00,110.16
images/train/000000607.jpg,1024,1024,1,0.00,0.00,1024.00,104.45
images/train/000000606.jpg,1024,1024,1,0.00,0.00,1024.00,315.25
images/train/000000610.jpg,1024,1024,1,0.00,0.00,1024.00,121.58
images/train/000000609.jpg,1024,1024,1,0.00,0.00,1024.00,115.87
images/train/000000604.jpg,1024,1024,1,0.00,0.00,1024.00,315.25
images/train/000000603.jpg,1024,1024,1,0.00,0.00,1024.00,315.25
images/train/000000620.jpg,1024,1024,1,869.31,106.18,1024.00,381.43
images/train/000000619.jpg,1024,1024,1,0.00,716.12,230.00,1024.00
images/train/000000615.jpg,1024,1024,1,869.31,618.18,1024.00,893.43
images/train/000000618.jpg,1024,1024,1,191.49,163.92,336.72,320.97
images/train/000000614.jpg,1024,1024,1,703.49,675.92,848.72,832.97
images/train/000000613.jpg,1024,1024,1,0.00,0.00,346.76,130.16
images/train/000000617.jpg,1024,1024,1,191.49,675.92,336.72,832.97
images/train/000000616.jpg,1024,1024,1,703.49,163.92,848.72,320.97
images/train/000000612.jpg,1024,1024,1,0.00,0.00,858.76,130.16
images/train/000000630.jpg,1024,1024,1,854.50,772.52,992.74,904.31
images/train/000000626.jpg,1024,1024,1,473.50,0.00,571.68,50.12
images/train/000000621.jpg,1024,1024,1,595.47,0.00,664.98,36.94
images/train/000000623.jpg,1024,1024,1,985.50,0.00,1024.00,30.51
images/train/000000627.jpg,1024,1024,1,0.00,0.00,59.68,50.12
images/train/000000628.jpg,1024,1024,1,592.04,0.00,797.51,191.64
images/train/000000625.jpg,1024,1024,1,0.00,204.12,230.00,562.12
images/train/000000629.jpg,1024,1024,1,900.18,839.28,1004.32,941.58
images/train/000000622.jpg,1024,1024,1,697.07,0.00,822.86,70.38
images/train/000000640.jpg,1024,1024,1,461.38,0.00,584.13,89.91
images/train/000000635.jpg,1024,1024,1,141.07,710.26,289.45,872.46
images/train/000000639.jpg,1024,1024,1,973.38,0.00,1024.00,88.33
images/train/000000637.jpg,1024,1024,1,973.38,493.21,1024.00,600.33
images/train/000000633.jpg,1024,1024,1,653.07,710.26,801.45,872.46
images/train/000000631.jpg,1024,1024,1,342.50,772.52,480.74,904.31
images/train/000000643.jpg,1024,1024,1,942.36,657.92,1024.00,745.11
images/train/000000650.jpg,1024,1024,1,559.22,0.00,624.48,99.47
images/train/000000644.jpg,1024,1024,1,430.36,654.25,608.01,745.11
images/train/000000648.jpg,1024,1024,1,430.36,142.25,608.01,233.11
images/train/000000647.jpg,1024,1024,1,694.18,339.51,823.02,423.59
images/train/000000642.jpg,1024,1024,1,0.00,0.00,72.13,89.91
images/train/000000645.jpg,1024,1024,1,0.00,654.25,96.01,743.90
images/train/000000659.jpg,1024,1024,1,1017.63,772.85,1024.00,796.63
images/train/000000652.jpg,1024,1024,1,609.24,590.39,702.82,656.84
images/train/000000653.jpg,1024,1024,1,97.24,590.39,190.82,656.84
images/train/000000657.jpg,1024,1024,1,609.24,78.39,702.82,144.84
images/train/000000654.jpg,1024,1024,1,665.71,326.57,920.66,428.28
images/train/000000658.jpg,1024,1024,1,97.24,78.39,190.82,144.84
images/train/000000656.jpg,1024,1024,1,0.00,337.16,94.65,435.06
images/train/000000669.jpg,1024,1024,1,0.00,0.00,36.50,53.49
images/train/000000663.jpg,1024,1024,1,0.00,681.18,127.45,833.01
images/train/000000665.jpg,1024,1024,1,0.00,169.18,127.45,321.01
images/train/000000667.jpg,1024,1024,1,914.80,0.00,1024.00,44.84
images/train/000000661.jpg,1024,1024,1,1017.63,260.85,1024.00,284.63
images/train/000000679.jpg,1024,1024,1,817.17,728.96,1024.00,883.94
images/train/000000675.jpg,1024,1024,1,535.87,0.00,1024.00,106.63
images/train/000000674.jpg,1024,1024,1,35.38,5.22,447.24,195.71
images/train/000000678.jpg,1024,1024,1,0.00,0.00,63.94,108.43
images/train/000000673.jpg,1024,1024,1,547.38,5.22,959.24,195.71
images/train/000000672.jpg,1024,1024,1,0.00,1019.17,63.94,1024.00
images/train/000000676.jpg,1024,1024,1,23.87,0.00,575.94,108.43
images/train/000000671.jpg,1024,1024,1,35.38,517.22,447.24,707.71
images/train/000000670.jpg,1024,1024,1,547.38,517.22,959.24,707.71
images/train/000000689.jpg,1024,1024,1,462.00,0.00,662.75,199.11
images/train/000000688.jpg,1024,1024,1,974.00,83.55,1024.00,187.83
images/train/000000684.jpg,1024,1024,1,1012.93,580.92,1024.00,642.34
images/train/000000686.jpg,1024,1024,1,13.13,988.90,122.76,1024.00
images/train/000000682.jpg,1024,1024,1,305.17,728.96,786.45,963.17
images/train/000000681.jpg,1024,1024,1,817.17,216.96,1024.00,371.94
images/train/000000685.jpg,1024,1024,1,500.93,476.90,634.76,667.35
images/train/000000693.jpg,1024,1024,1,500.93,0.00,632.00,155.35
images/train/000000698.jpg,1024,1024,1,0.00,718.65,681.15,818.91
images/train/000000696.jpg,1024,1024,1,791.27,739.76,1024.00,826.77
images/train/000000695.jpg,1024,1024,1,0.00,0.00,120.00,155.35
images/train/000000694.jpg,1024,1024,1,0.00,61.94,269.14,235.30
images/train/000000690.jpg,1024,1024,1,986.87,52.57,1024.00,93.25
images/train/000000691.jpg,1024,1024,1,474.87,52.57,781.14,235.30
images/train/000000709.jpg,1024,1024,1,897.98,94.23,1024.00,267.37
images/train/000000708.jpg,1024,1024,1,905.70,425.41,1024.00,498.11
images/train/000000704.jpg,1024,1024,1,791.27,227.76,1024.00,314.77
images/train/000000703.jpg,1024,1024,1,0.00,917.44,463.77,1024.00
images/train/000000707.jpg,1024,1024,1,0.00,206.65,169.15,289.60
images/train/000000701.jpg,1024,1024,1,393.70,935.46,877.67,1010.11
images/train/000000706.jpg,1024,1024,1,0.00,206.65,681.15,306.91
images/train/000000702.jpg,1024,1024,1,0.00,935.46,365.67,1010.11
images/train/000000700.jpg,1024,1024,1,905.70,937.41,1024.00,1010.11
images/train/000000715.jpg,1024,1024,1,878.63,905.14,1024.00,1024.00
images/train/000000714.jpg,1024,1024,1,0.00,405.44,463.77,757.49
images/train/000000711.jpg,1024,1024,1,0.00,423.46,365.67,498.11
images/train/000000729.jpg,1024,1024,1,774.28,1019.79,790.39,1024.00
images/train/000000728.jpg,1024,1024,1,32.42,653.48,407.65,1024.00
images/train/000000727.jpg,1024,1024,1,544.42,653.48,919.65,1024.00
images/train/000000726.jpg,1024,1024,1,0.00,0.00,99.82,53.61
images/train/000000721.jpg,1024,1024,1,875.66,393.14,1024.00,548.62
images/train/000000724.jpg,1024,1024,1,363.66,0.00,611.82,53.61
images/train/000000738.jpg,1024,1024,1,516.85,690.23,1024.00,1024.00
images/train/000000732.jpg,1024,1024,1,952.76,658.98,1024.00,788.00
images/train/000000736.jpg,1024,1024,1,530.88,0.00,821.92,216.50
images/train/000000735.jpg,1024,1024,1,18.88,141.48,407.65,728.50
images/train/000000731.jpg,1024,1024,1,0.68,898.78,486.88,1024.00
images/train/000000742.jpg,1024,1024,1,512.23,121.94,901.00,302.17
images/train/000000747.jpg,1024,1024,1,0.00,935.34,93.63,1024.00
images/train/000000746.jpg,1024,1024,1,0.00,269.36,605.63,518.44
images/train/000000741.jpg,1024,1024,1,512.23,633.94,901.00,814.17
images/train/000000745.jpg,1024,1024,1,0.23,121.94,389.00,302.17
images/train/000000740.jpg,1024,1024,1,0.00,848.48,36.10,992.52
images/train/000000744.jpg,1024,1024,1,0.00,781.36,605.63,1024.00
images/train/000000743.jpg,1024,1024,1,0.23,633.94,389.00,814.17
images/train/000000758.jpg,1024,1024,1,0.00,955.64,0.41,956.75
images/train/000000754.jpg,1024,1024,1,4.85,178.23,548.10,518.09
images/train/000000757.jpg,1024,1024,1,0.00,336.48,36.10,480.52
images/train/000000756.jpg,1024,1024,1,482.63,0.00,503.42,6.09
images/train/000000750.jpg,1024,1024,1,0.00,0.00,634.66,616.28
images/train/000000752.jpg,1024,1024,1,0.00,7.16,122.66,427.39
images/train/000000751.jpg,1024,1024,1,0.00,519.16,122.66,939.39
images/train/000000755.jpg,1024,1024,1,994.63,0.00,1015.42,6.09
images/train/000000749.jpg,1024,1024,1,0.00,423.34,93.63,518.44
images/train/000000753.jpg,1024,1024,1,516.85,178.23,1024.00,518.09
images/train/000000748.jpg,1024,1024,1,0.00,386.78,634.66,1024.00
images/train/000000762.jpg,1024,1024,1,59.94,0.00,82.00,6.44
images/train/000000763.jpg,1024,1024,1,143.95,0.00,485.06,104.28
images/train/000000764.jpg,1024,1024,1,630.23,0.00,839.25,63.08
images/train/000000766.jpg,1024,1024,1,0.00,0.00,505.04,323.12
images/train/000000760.jpg,1024,1024,1,0.00,443.64,0.41,444.75
images/train/000000759.jpg,1024,1024,1,33.52,307.32,512.41,575.08
